<application>
  <component name="DimensionService">
    <size key="GridCell.Tab.0.left.0.0.1920.1080" width="1832" height="299" />
    <size key="GridCell.Tab.0.center.0.0.1920.1080" width="1832" height="299" />
    <size key="GridCell.Tab.0.right.0.0.1920.1080" width="1832" height="299" />
    <size key="GridCell.Tab.0.bottom.0.0.1920.1080" width="1832" height="299" />
  </component>
  <component name="WindowManager">
    <frame x="-8" y="0" width="1930" height="1042" />
  </component>
  <component name="WindowStateApplicationService">
    <state width="300" height="524" key="manage.recent.projects.popup" timestamp="1750089388563">
      <screen x="0" y="0" width="1920" height="1032" />
    </state>
    <state width="300" height="524" key="manage.recent.projects.popup/0.0.1920.1032" timestamp="1750089388563" />
  </component>
</application>